i,d,q
1,2024-05-18,m
1,2024-07-19,m
1,2024-10-01,m
1,2024-12-02,l
1,2025-01-21,m
1,2025-03-14,m
1,2025-05-10,m
1,2025-06-29,m
1,2025-09-15,m
1,2025-11-14,l
1,2026-01-19,m
1,2026-03-07,m
2,2024-06-04,m
2,2024-08-16,m
2,2024-11-03,m
2,2025-01-01,m
2,2025-02-20,m
2,2025-04-07,m
2,2025-05-28,m
2,2025-07-21,m
2,2025-10-06,l
2,2025-12-10,l
2,2026-01-29,l
2,2026-03-12,m
3,2024-05-29,m
3,2024-07-18,m
3,2024-09-30,m
3,2024-11-30,m
3,2025-01-17,m
3,2025-03-05,m
3,2025-05-06,m
3,2025-07-02,l
3,2025-09-15,m
3,2025-11-17,l
3,2026-01-20,m
3,2026-02-24,m
3,2026-04-05,m
4,2024-05-28,m
4,2024-07-16,m
4,2024-09-21,m
4,2024-11-20,m
4,2025-01-18,m
4,2025-02-20,m
4,2025-04-10,m
4,2025-06-04,m
4,2025-08-06,m
4,2025-10-10,m
4,2025-12-09,m
4,2026-01-21,m
4,2026-03-12,m
5,2024-05-19,m
5,2024-07-18,m
5,2024-09-21,l
5,2024-11-24,m
5,2025-01-21,m
5,2025-02-25,m
5,2025-04-15,m
5,2025-06-14,m
5,2025-08-19,m
5,2025-11-06,m
5,2026-01-08,m
5,2026-02-26,m
5,2026-04-03,m
6,2024-06-06,m
6,2024-08-27,m
6,2024-11-06,l
6,2024-12-31,m
6,2025-02-19,l
6,2025-04-11,m
6,2025-06-04,m
6,2025-08-23,m
6,2025-11-02,m
6,2026-01-03,m
6,2026-02-15,m
6,2026-03-25,m
7,2024-05-18,m
7,2024-07-04,m
7,2024-09-24,m
7,2024-11-22,m
7,2025-01-20,m
7,2025-02-24,m
7,2025-04-16,l
7,2025-06-16,m
7,2025-09-01,m
7,2025-10-18,m
7,2025-12-22,m
7,2026-02-08,l
7,2026-03-25,m
8,2024-06-02,m
8,2024-08-10,m
8,2024-10-31,m
8,2025-01-03,m
8,2025-02-13,m
8,2025-03-27,m
8,2025-05-13,m
8,2025-07-06,m
8,2025-09-08,m
8,2025-11-03,m
8,2025-12-28,m
8,2026-02-09,m
8,2026-03-31,m
9,2024-05-30,m
9,2024-08-02,m
9,2024-10-15,m
9,2024-12-15,m
9,2025-01-31,m
9,2025-03-19,m
9,2025-05-15,l
9,2025-07-09,m
9,2025-09-12,m
9,2025-11-16,m
9,2026-01-09,m
9,2026-02-23,m
9,2026-04-01,l
10,2024-05-25,m
10,2024-07-25,l
10,2024-10-01,m
10,2024-11-20,m
10,2025-01-18,m
10,2025-02-24,m
10,2025-04-11,l
10,2025-06-05,m
10,2025-08-19,m
10,2025-11-01,m
10,2026-01-01,l
10,2026-02-13,m
10,2026-03-26,m
