i,T_M,T_L,T_L_label,L_days,L_years,retired,n_M,n_L,cost_total,EAC
1,30,120,120,1850,5.065,True,61.67,15.42,670.0,132.28
1,30,180,180,1823,4.991,True,60.77,10.13,603.83,120.982
1,30,240,240,1795,4.914,True,59.83,7.48,569.25,115.832
1,30,300,300,1771,4.849,True,59.03,5.9,547.94,113.007
1,30,360,360,1742,4.769,True,58.07,4.84,532.27,111.602
1,30,450,450,1694,4.638,True,56.47,3.76,514.57,110.949
1,30,540,540,1601,4.383,True,53.37,2.96,495.68,113.083
1,30,720,720,1738,4.758,True,57.93,2.41,502.77,105.659
1,30,99999,inf,1057,2.894,True,35.23,0.0,405.7,140.191
1,40,120,120,1815,4.969,True,45.38,15.12,617.62,124.291
1,40,180,180,1786,4.89,True,44.65,9.92,553.02,113.096
1,40,240,240,1765,4.832,True,44.12,7.35,520.62,107.738
1,40,300,300,1714,4.693,True,42.85,5.71,497.11,105.933
1,40,360,360,1702,4.66,True,42.55,4.73,484.38,103.949
1,40,450,450,1675,4.586,True,41.88,3.72,470.29,102.552
1,40,540,540,1548,4.238,True,38.7,2.87,450.5,106.295
1,40,720,720,1467,4.016,True,36.67,2.04,434.47,108.175
1,40,99999,inf,1038,2.842,True,25.95,0.0,377.85,132.957
1,50,120,120,1779,4.871,True,35.58,14.82,584.64,120.034
1,50,180,180,1752,4.797,True,35.04,9.73,521.92,108.808
1,50,240,240,1739,4.761,True,34.78,7.25,491.29,103.188
1,50,300,300,1683,4.608,True,33.66,5.61,468.3,101.632
1,50,360,360,1670,4.572,True,33.4,4.64,455.87,99.704
1,50,450,450,1660,4.545,True,33.2,3.69,443.87,97.664
1,50,540,540,1530,4.189,True,30.6,2.83,425.8,101.649
1,50,720,720,1363,3.732,True,27.26,1.89,404.5,108.395
1,50,99999,inf,1021,2.795,True,20.42,0.0,361.26,129.236
1,60,120,120,1747,4.783,True,29.12,14.56,562.05,117.509
1,60,180,180,1715,4.695,True,28.58,9.53,500.08,106.505
1,60,240,240,1697,4.646,True,28.28,7.07,469.7,101.095
1,60,300,300,1655,4.531,True,27.58,5.52,448.95,99.081
1,60,360,360,1635,4.476,True,27.25,4.54,436.25,97.456
1,60,450,450,1630,4.463,True,27.17,3.62,424.97,95.226
1,60,540,540,1512,4.14,True,25.2,2.8,409.2,98.849
1,60,720,720,1342,3.674,True,22.37,1.86,389.47,106.001
1,60,99999,inf,1001,2.741,True,16.68,0.0,350.05,127.728
1,70,120,120,1709,4.679,True,24.41,14.24,544.14,116.295
1,70,180,180,1686,4.616,True,24.09,9.37,484.66,104.995
1,70,240,240,1644,4.501,True,23.49,6.85,452.66,100.568
1,70,300,300,1627,4.454,True,23.24,5.42,434.81,97.611
1,70,360,360,1607,4.4,True,22.96,4.46,422.44,96.015
1,70,450,450,1580,4.326,True,22.57,3.51,409.85,94.745
1,70,540,540,1494,4.09,True,21.34,2.77,397.23,97.114
1,70,720,720,1327,3.633,True,18.96,1.84,378.99,104.315
1,70,99999,inf,987,2.702,True,14.1,0.0,342.3,126.672
1,80,120,120,1692,4.632,True,21.15,14.1,532.65,114.983
1,80,180,180,1640,4.49,True,20.5,9.11,470.83,104.861
1,80,240,240,1616,4.424,True,20.2,6.73,441.4,99.766
1,80,300,300,1611,4.411,True,20.14,5.37,424.85,96.324
1,80,360,360,1560,4.271,True,19.5,4.33,410.5,96.112
1,80,450,450,1547,4.235,True,19.34,3.44,399.27,94.268
1,80,540,540,1474,4.036,True,18.42,2.73,388.03,96.152
1,80,720,720,1307,3.578,True,16.34,1.82,370.8,103.621
1,80,99999,inf,974,2.667,True,12.18,0.0,336.52,126.197
1,90,120,120,1644,4.501,True,18.27,13.7,519.2,115.351
1,90,180,180,1619,4.433,True,17.99,8.99,461.9,104.206
1,90,240,240,1585,4.339,True,17.61,6.6,432.08,99.57
1,90,300,300,1568,4.293,True,17.42,5.23,414.99,96.667
1,90,360,360,1536,4.205,True,17.07,4.27,402.4,95.688
1,90,450,450,1508,4.129,True,16.76,3.35,390.48,94.577
1,90,540,540,1459,3.995,True,16.21,2.7,381.06,95.394
1,90,720,720,1288,3.526,True,14.31,1.79,364.4,103.336
1,90,99999,inf,952,2.606,True,10.58,0.0,331.73,127.275
1,100,120,120,1621,4.438,True,16.21,13.51,510.73,115.08
1,100,180,180,1599,4.378,True,15.99,8.88,454.57,103.835
1,100,240,240,1543,4.225,True,15.43,6.43,423.44,100.234
1,100,300,300,1535,4.203,True,15.35,5.12,407.45,96.952
1,100,360,360,1517,4.153,True,15.17,4.21,396.08,95.364
1,100,450,450,1442,3.948,True,14.42,3.2,381.71,96.686
1,100,540,540,1437,3.934,True,14.37,2.66,375.04,95.327
1,100,720,720,1270,3.477,True,12.7,1.76,359.27,103.325
1,100,99999,inf,931,2.549,True,9.31,0.0,327.93,128.654
1,120,120,120,1548,4.238,True,12.9,12.9,493.5,116.441
1,120,180,180,1522,4.167,True,12.68,8.46,439.52,105.475
1,120,240,240,1509,4.131,True,12.57,6.29,413.18,100.008
1,120,300,300,1462,4.003,True,12.18,4.87,395.03,98.69
1,120,360,360,1439,3.94,True,11.99,4.0,383.94,97.453
1,120,450,450,1385,3.792,True,11.54,3.08,371.56,97.987
1,120,540,540,1409,3.858,True,11.74,2.61,366.54,95.016
1,120,720,720,1236,3.384,True,10.3,1.72,351.5,103.872
1,120,99999,inf,900,2.464,True,7.5,0.0,322.5,130.881
2,30,120,120,5660,15.496,True,188.67,47.17,1432.0,92.41
2,30,180,180,5560,15.222,True,185.33,30.89,1226.67,80.583
2,30,240,240,5468,14.971,True,182.27,22.78,1120.2,74.827
2,30,300,300,5343,14.628,True,178.1,17.81,1048.02,71.643
2,30,360,360,5270,14.428,True,175.67,14.64,1002.67,69.492
2,30,450,450,5115,14.004,True,170.5,11.37,947.9,67.687
2,30,540,540,4832,13.229,True,161.07,8.95,890.58,67.319
2,30,720,720,4287,11.737,True,142.9,5.95,800.15,68.172
2,30,99999,inf,1558,4.266,True,51.93,0.0,455.8,106.856
2,40,120,120,5543,15.176,True,138.57,46.19,1270.03,83.687
2,40,180,180,5439,14.891,True,135.97,30.22,1070.52,71.89
2,40,240,240,5282,14.461,True,132.05,22.01,960.25,66.401
2,40,300,300,5263,14.409,True,131.57,17.54,905.24,62.824
2,40,360,360,5155,14.114,True,128.88,14.32,858.46,60.825
2,40,450,450,4939,13.522,True,123.47,10.98,802.13,59.319
2,40,540,540,4801,13.144,True,120.03,8.89,766.76,58.334
2,40,720,720,4257,11.655,True,106.42,5.91,690.22,59.221
2,40,99999,inf,1526,4.178,True,38.15,0.0,414.45,99.199
2,50,120,120,5398,14.779,True,107.96,44.98,1163.68,78.739
2,50,180,180,5300,14.511,True,106.0,29.44,971.33,66.94
2,50,240,240,5227,14.311,True,104.54,21.78,874.97,61.141
2,50,300,300,5079,13.906,True,101.58,16.93,807.9,58.099
2,50,360,360,5028,13.766,True,100.56,13.97,769.28,55.883
2,50,450,450,4910,13.443,True,98.2,10.91,725.53,53.972
2,50,540,540,4774,13.07,True,95.48,8.84,692.53,52.984
2,50,720,720,4227,11.573,True,84.54,5.87,624.07,53.925
2,50,99999,inf,1495,4.093,True,29.9,0.0,389.7,95.209
2,60,120,120,5300,14.511,True,88.33,44.17,1095.0,75.462
2,60,180,180,5194,14.22,True,86.57,28.86,905.97,63.709
2,60,240,240,5046,13.815,True,84.1,21.02,804.6,58.24
2,60,300,300,5001,13.692,True,83.35,16.67,750.09,54.783
2,60,360,360,4904,13.426,True,81.73,13.62,708.67,52.782
2,60,450,450,4880,13.361,True,81.33,10.84,674.13,50.456
2,60,540,540,4745,12.991,True,79.08,8.79,642.69,49.472
2,60,720,720,4200,11.499,True,70.0,5.83,580.0,50.439
2,60,99999,inf,1468,4.019,True,24.47,0.0,373.4,92.905
2,70,120,120,5157,14.119,True,73.67,42.98,1036.71,73.426
2,70,180,180,5074,13.892,True,72.49,28.19,855.72,61.599
2,70,240,240,4989,13.659,True,71.27,20.79,763.26,55.879
2,70,300,300,4805,13.155,True,68.64,16.02,698.13,53.068
2,70,360,360,4791,13.117,True,68.44,13.31,665.03,50.7
2,70,450,450,4512,12.353,True,64.46,10.03,613.69,49.679
2,70,540,540,4303,11.781,True,61.47,7.97,580.04,49.235
2,70,720,720,4166,11.406,True,59.51,5.79,547.98,48.043
2,70,99999,inf,1437,3.934,True,20.53,0.0,361.59,91.906
2,80,120,120,5071,13.884,True,63.39,42.26,997.26,71.83
2,80,180,180,4927,13.489,True,61.59,27.37,813.23,60.287
2,80,240,240,4833,13.232,True,60.41,20.14,722.89,54.632
2,80,300,300,4750,13.005,True,59.38,15.83,668.12,51.375
2,80,360,360,4672,12.791,True,58.4,12.98,630.93,49.325
2,80,450,450,4494,12.304,True,56.17,9.99,588.37,47.819
2,80,540,540,4276,11.707,True,53.45,7.92,555.37,47.439
2,80,720,720,3600,9.856,True,45.0,5.0,495.0,50.222
2,80,99999,inf,1404,3.844,True,17.55,0.0,352.65,91.742
2,90,120,120,4952,13.558,True,55.02,41.27,960.27,70.827
2,90,180,180,4852,13.284,True,53.91,26.96,785.2,59.108
2,90,240,240,4755,13.018,True,52.83,19.81,696.25,53.482
2,90,300,300,4673,12.794,True,51.92,15.58,642.69,50.234
2,90,360,360,4549,12.454,True,50.54,12.64,603.27,48.438
2,90,450,450,4452,12.189,True,49.47,9.89,567.12,46.528
2,90,540,540,4249,11.633,True,47.21,7.87,536.06,46.08
2,90,720,720,3571,9.777,True,39.68,4.96,478.55,48.947
2,90,99999,inf,1382,3.784,True,15.36,0.0,346.07,91.462
2,100,120,120,4833,13.232,True,48.33,40.27,928.29,70.155
2,100,180,180,4734,12.961,True,47.34,26.3,757.62,58.454
2,100,240,240,4546,12.446,True,45.46,18.94,663.68,53.324
2,100,300,300,4448,12.178,True,44.48,14.83,611.36,50.202
2,100,360,360,4436,12.145,True,44.36,12.32,580.95,47.834
2,100,450,450,4248,11.63,True,42.48,9.44,540.72,46.492
2,100,540,540,4227,11.573,True,42.27,7.83,520.74,44.997
2,100,720,720,3536,9.681,True,35.36,4.91,465.01,48.033
2,100,99999,inf,1345,3.682,True,13.45,0.0,340.35,92.426
2,120,120,120,4593,12.575,True,38.27,38.27,874.12,69.513
2,120,180,180,4486,12.282,True,37.38,24.92,711.22,57.907
2,120,240,240,4458,12.205,True,37.15,18.57,634.35,51.973
2,120,300,300,4337,11.874,True,36.14,14.46,581.9,49.006
2,120,360,360,4210,11.526,True,35.08,11.69,545.58,47.334
2,120,450,450,4033,11.042,True,33.61,8.96,508.37,46.041
2,120,540,540,3754,10.278,True,31.28,6.95,477.27,46.437
2,120,720,720,3483,9.536,True,29.02,4.84,445.12,46.679
2,120,99999,inf,1302,3.565,True,10.85,0.0,332.55,93.29
3,30,120,120,1637,4.482,True,54.57,13.64,627.4,139.986
3,30,180,180,1615,4.422,True,53.83,8.97,569.17,128.723
3,30,240,240,1585,4.339,True,52.83,6.6,537.75,123.92
3,30,300,300,1574,4.309,True,52.47,5.25,520.36,120.751
3,30,360,360,1549,4.241,True,51.63,4.3,506.53,119.439
3,30,450,450,1525,4.175,True,50.83,3.39,493.17,118.117
3,30,540,540,1476,4.041,True,49.2,2.73,480.4,118.879
3,30,720,720,1324,3.625,True,44.13,1.84,454.47,125.373
3,30,99999,inf,1021,2.795,True,34.03,0.0,402.1,143.846
3,40,120,120,1608,4.402,True,40.2,13.4,581.4,132.062
3,40,180,180,1585,4.339,True,39.62,8.81,524.54,120.876
3,40,240,240,1563,4.279,True,39.08,6.51,495.38,115.762
3,40,300,300,1548,4.238,True,38.7,5.16,478.02,112.789
3,40,360,360,1521,4.164,True,38.02,4.22,464.77,111.61
3,40,450,450,1490,4.079,True,37.25,3.31,451.48,110.674
3,40,540,540,1459,3.995,True,36.48,2.7,441.85,110.613
3,40,720,720,1307,3.578,True,32.67,1.82,419.81,117.318
3,40,99999,inf,1005,2.752,True,25.12,0.0,375.38,136.424
3,50,120,120,1577,4.318,True,31.54,13.14,552.32,127.923
3,50,180,180,1556,4.26,True,31.12,8.64,497.09,116.686
3,50,240,240,1542,4.222,True,30.84,6.42,469.62,111.238
3,50,300,300,1522,4.167,True,30.44,5.07,452.2,108.519
3,50,360,360,1494,4.09,True,29.88,4.15,439.44,107.433
3,50,450,450,1456,3.986,True,29.12,3.24,426.19,106.913
3,50,540,540,1444,3.953,True,28.88,2.67,418.73,105.915
3,50,720,720,1293,3.54,True,25.86,1.8,399.13,112.747
3,50,99999,inf,991,2.713,True,19.82,0.0,359.46,132.485
3,60,120,120,1552,4.249,True,25.87,12.93,532.8,125.39
3,60,180,180,1530,4.189,True,25.5,8.5,478.5,114.23
3,60,240,240,1518,4.156,True,25.3,6.33,451.8,108.709
3,60,300,300,1500,4.107,True,25.0,5.0,435.0,105.923
3,60,360,360,1466,4.014,True,24.43,4.07,422.17,105.182
3,60,450,450,1423,3.896,True,23.72,3.16,409.1,105.005
3,60,540,540,1427,3.907,True,23.78,2.64,403.06,103.166
3,60,720,720,1274,3.488,True,21.23,1.77,384.93,110.359
3,60,99999,inf,971,2.658,True,16.18,0.0,348.55,131.11
3,70,120,120,1524,4.172,True,21.77,12.7,517.71,124.078
3,70,180,180,1505,4.12,True,21.5,8.36,464.83,112.811
3,70,240,240,1499,4.104,True,21.41,6.25,439.19,107.015
3,70,300,300,1450,3.97,True,20.71,4.83,420.14,105.833
3,70,360,360,1439,3.94,True,20.56,4.0,409.64,103.975
3,70,450,450,1387,3.797,True,19.81,3.08,396.43,104.395
3,70,540,540,1411,3.863,True,20.16,2.61,391.83,101.428
3,70,720,720,1257,3.441,True,17.96,1.75,374.82,108.913
3,70,99999,inf,957,2.62,True,13.67,0.0,341.01,130.152
3,80,120,120,1498,4.101,True,18.72,12.48,505.97,123.369
3,80,180,180,1484,4.063,True,18.55,8.24,454.58,111.884
3,80,240,240,1464,4.008,True,18.3,6.1,428.1,106.806
3,80,300,300,1417,3.88,True,17.71,4.72,409.82,105.636
3,80,360,360,1413,3.869,True,17.66,3.92,400.09,103.42
3,80,450,450,1348,3.691,True,16.85,3.0,386.5,104.724
3,80,540,540,1401,3.836,True,17.51,2.59,383.67,100.026
3,80,720,720,1247,3.414,True,15.59,1.73,367.55,107.655
3,80,99999,inf,940,2.574,True,11.75,0.0,335.25,130.266
3,90,120,120,1472,4.03,True,16.36,12.27,496.27,123.14
3,90,180,180,1451,3.973,True,16.12,8.06,445.1,112.042
3,90,240,240,1420,3.888,True,15.78,5.92,418.33,107.603
3,90,300,300,1394,3.817,True,15.49,4.65,402.23,105.39
3,90,360,360,1385,3.792,True,15.39,3.85,392.33,103.466
3,90,450,450,1323,3.622,True,14.7,2.94,379.38,104.738
3,90,540,540,1381,3.781,True,15.34,2.56,376.72,99.636
3,90,720,720,1227,3.359,True,13.63,1.7,361.35,107.566
3,90,99999,inf,926,2.535,True,10.29,0.0,330.87,130.507
3,100,120,120,1451,3.973,True,14.51,12.09,488.63,122.999
3,100,180,180,1439,3.94,True,14.39,7.99,439.1,111.454
3,100,240,240,1372,3.756,True,13.72,5.72,409.76,109.085
3,100,300,300,1364,3.734,True,13.64,4.55,395.48,105.901
3,100,360,360,1355,3.71,True,13.55,3.76,385.82,104.0
3,100,450,450,1281,3.507,True,12.81,2.85,372.59,106.236
3,100,540,540,1349,3.693,True,13.49,2.5,370.45,100.301
3,100,720,720,1216,3.329,True,12.16,1.69,356.75,107.156
3,100,99999,inf,911,2.494,True,9.11,0.0,327.33,131.237
3,120,120,120,1389,3.803,True,11.57,11.57,473.62,124.544
3,120,180,180,1366,3.74,True,11.38,7.59,425.22,113.697
3,120,240,240,1340,3.669,True,11.17,5.58,400.5,109.166
3,120,300,300,1324,3.625,True,11.03,4.41,386.06,106.502
3,120,360,360,1304,3.57,True,10.87,3.62,376.07,105.336
3,120,450,450,1256,3.439,True,10.47,2.79,364.89,106.112
3,120,540,540,1254,3.433,True,10.45,2.32,359.22,104.628
3,120,720,720,1184,3.242,True,9.87,1.64,349.33,107.765
3,120,99999,inf,878,2.404,True,7.32,0.0,321.95,133.932
4,30,120,120,99999,20.0,False,243.5,60.88,1761.0,88.05
4,30,180,180,99999,20.0,False,243.5,40.58,1517.5,75.875
4,30,240,240,99999,20.0,False,243.5,30.44,1395.75,69.787
4,30,300,300,99999,20.0,False,243.5,24.35,1322.7,66.135
4,30,360,360,99999,20.0,False,243.5,20.29,1274.0,63.7
4,30,450,450,99999,20.0,False,243.5,16.23,1225.3,61.265
4,30,540,540,99999,20.0,False,243.5,13.53,1192.83,59.642
4,30,720,720,99999,20.0,False,243.5,10.15,1152.25,57.612
4,30,99999,inf,99999,20.0,False,243.5,0.0,1030.5,51.525
4,40,120,120,99999,20.0,False,182.62,60.88,1578.38,78.919
4,40,180,180,99999,20.0,False,182.62,40.58,1334.88,66.744
4,40,240,240,99999,20.0,False,182.62,30.44,1213.12,60.656
4,40,300,300,99999,20.0,False,182.62,24.35,1140.08,57.004
4,40,360,360,99999,20.0,False,182.62,20.29,1091.38,54.569
4,40,450,450,99999,20.0,False,182.62,16.23,1042.67,52.134
4,40,540,540,99999,20.0,False,182.62,13.53,1010.21,50.51
4,40,720,720,99999,20.0,False,182.62,10.15,969.62,48.481
4,40,99999,inf,99999,20.0,False,182.62,0.0,847.88,42.394
4,50,120,120,99999,20.0,False,146.1,60.88,1468.8,73.44
4,50,180,180,99999,20.0,False,146.1,40.58,1225.3,61.265
4,50,240,240,99999,20.0,False,146.1,30.44,1103.55,55.177
4,50,300,300,99999,20.0,False,146.1,24.35,1030.5,51.525
4,50,360,360,99999,20.0,False,146.1,20.29,981.8,49.09
4,50,450,450,99999,20.0,False,146.1,16.23,933.1,46.655
4,50,540,540,99999,20.0,False,146.1,13.53,900.63,45.032
4,50,720,720,99999,20.0,False,146.1,10.15,860.05,43.002
4,50,99999,inf,99999,20.0,False,146.1,0.0,738.3,36.915
4,60,120,120,99999,20.0,False,121.75,60.88,1395.75,69.787
4,60,180,180,99999,20.0,False,121.75,40.58,1152.25,57.612
4,60,240,240,99999,20.0,False,121.75,30.44,1030.5,51.525
4,60,300,300,99999,20.0,False,121.75,24.35,957.45,47.873
4,60,360,360,99999,20.0,False,121.75,20.29,908.75,45.438
4,60,450,450,99999,20.0,False,121.75,16.23,860.05,43.002
4,60,540,540,99999,20.0,False,121.75,13.53,827.58,41.379
4,60,720,720,99999,20.0,False,121.75,10.15,787.0,39.35
4,60,99999,inf,99999,20.0,False,121.75,0.0,665.25,33.263
4,70,120,120,99999,20.0,False,104.36,60.88,1343.57,67.179
4,70,180,180,99999,20.0,False,104.36,40.58,1100.07,55.004
4,70,240,240,99999,20.0,False,104.36,30.44,978.32,48.916
4,70,300,300,99999,20.0,False,104.36,24.35,905.27,45.264
4,70,360,360,99999,20.0,False,104.36,20.29,856.57,42.829
4,70,450,450,99999,20.0,False,104.36,16.23,807.87,40.394
4,70,540,540,99999,20.0,False,104.36,13.53,775.4,38.77
4,70,720,720,99999,20.0,False,104.36,10.15,734.82,36.741
4,70,99999,inf,99999,20.0,False,104.36,0.0,613.07,30.654
4,80,120,120,99999,20.0,False,91.31,60.88,1304.44,65.222
4,80,180,180,99999,20.0,False,91.31,40.58,1060.94,53.047
4,80,240,240,99999,20.0,False,91.31,30.44,939.19,46.959
4,80,300,300,99999,20.0,False,91.31,24.35,866.14,43.307
4,80,360,360,99999,20.0,False,91.31,20.29,817.44,40.872
4,80,450,450,99999,20.0,False,91.31,16.23,768.74,38.437
4,80,540,540,99999,20.0,False,91.31,13.53,736.27,36.814
4,80,720,720,99999,20.0,False,91.31,10.15,695.69,34.784
4,80,99999,inf,99999,20.0,False,91.31,0.0,573.94,28.697
4,90,120,120,99999,20.0,False,81.17,60.88,1274.0,63.7
4,90,180,180,99999,20.0,False,81.17,40.58,1030.5,51.525
4,90,240,240,99999,20.0,False,81.17,30.44,908.75,45.438
4,90,300,300,99999,20.0,False,81.17,24.35,835.7,41.785
4,90,360,360,99999,20.0,False,81.17,20.29,787.0,39.35
4,90,450,450,99999,20.0,False,81.17,16.23,738.3,36.915
4,90,540,540,99999,20.0,False,81.17,13.53,705.83,35.292
4,90,720,720,99999,20.0,False,81.17,10.15,665.25,33.263
4,90,99999,inf,99999,20.0,False,81.17,0.0,543.5,27.175
4,100,120,120,99999,20.0,False,73.05,60.88,1249.65,62.483
4,100,180,180,99999,20.0,False,73.05,40.58,1006.15,50.307
4,100,240,240,99999,20.0,False,73.05,30.44,884.4,44.22
4,100,300,300,99999,20.0,False,73.05,24.35,811.35,40.568
4,100,360,360,99999,20.0,False,73.05,20.29,762.65,38.133
4,100,450,450,99999,20.0,False,73.05,16.23,713.95,35.698
4,100,540,540,99999,20.0,False,73.05,13.53,681.48,34.074
4,100,720,720,99999,20.0,False,73.05,10.15,640.9,32.045
4,100,99999,inf,99999,20.0,False,73.05,0.0,519.15,25.957
4,120,120,120,99999,20.0,False,60.88,60.88,1213.12,60.656
4,120,180,180,99999,20.0,False,60.88,40.58,969.62,48.481
4,120,240,240,99999,20.0,False,60.88,30.44,847.88,42.394
4,120,300,300,99999,20.0,False,60.88,24.35,774.83,38.741
4,120,360,360,99999,20.0,False,60.88,20.29,726.12,36.306
4,120,450,450,99999,20.0,False,60.88,16.23,677.42,33.871
4,120,540,540,99999,20.0,False,60.88,13.53,644.96,32.248
4,120,720,720,99999,20.0,False,60.88,10.15,604.38,30.219
4,120,99999,inf,99999,20.0,False,60.88,0.0,482.62,24.131
5,30,120,120,748,2.048,True,24.93,6.23,449.6,219.541
5,30,180,180,736,2.015,True,24.53,4.09,422.67,209.754
5,30,240,240,717,1.963,True,23.9,2.99,407.55,207.612
5,30,300,300,705,1.93,True,23.5,2.35,398.7,206.561
5,30,360,360,701,1.919,True,23.37,1.95,393.47,205.012
5,30,450,450,693,1.897,True,23.1,1.54,387.78,204.382
5,30,540,540,642,1.758,True,21.4,1.19,378.47,215.319
5,30,720,720,672,1.84,True,22.4,0.93,378.4,205.671
5,30,99999,inf,475,1.3,True,15.83,0.0,347.5,267.209
5,40,120,120,733,2.007,True,18.32,6.11,428.28,213.407
5,40,180,180,721,1.974,True,18.02,4.01,402.14,203.72
5,40,240,240,703,1.925,True,17.57,2.93,387.88,201.524
5,40,300,300,691,1.892,True,17.27,2.3,379.46,200.578
5,40,360,360,687,1.881,True,17.18,1.91,374.42,199.067
5,40,450,450,677,1.854,True,16.93,1.5,368.83,198.988
5,40,540,540,624,1.708,True,15.6,1.16,360.67,211.111
5,40,720,720,661,1.81,True,16.52,0.92,360.59,199.253
5,40,99999,inf,463,1.268,True,11.57,0.0,334.73,264.057
5,50,120,120,717,1.963,True,14.34,5.97,414.72,211.264
5,50,180,180,706,1.933,True,14.12,3.92,389.43,201.47
5,50,240,240,691,1.892,True,13.82,2.88,376.01,198.752
5,50,300,300,677,1.854,True,13.54,2.26,367.7,198.379
5,50,360,360,670,1.834,True,13.4,1.86,362.53,197.635
5,50,450,450,660,1.807,True,13.2,1.47,357.2,197.678
5,50,540,540,607,1.662,True,12.14,1.12,349.91,210.551
5,50,720,720,651,1.782,True,13.02,0.9,349.91,196.32
5,50,99999,inf,453,1.24,True,9.06,0.0,327.18,263.802
5,60,120,120,704,1.927,True,11.73,5.87,405.6,210.434
5,60,180,180,692,1.895,True,11.53,3.84,380.73,200.958
5,60,240,240,678,1.856,True,11.3,2.83,367.8,198.14
5,60,300,300,663,1.815,True,11.05,2.21,359.67,198.144
5,60,360,360,657,1.799,True,10.95,1.82,354.75,197.218
5,60,450,450,645,1.766,True,10.75,1.43,349.45,197.886
5,60,540,540,591,1.618,True,9.85,1.09,342.68,211.785
5,60,720,720,640,1.752,True,10.67,0.89,342.67,195.561
5,60,99999,inf,443,1.213,True,7.38,0.0,322.15,265.61
5,70,120,120,688,1.884,True,9.83,5.73,398.29,211.445
5,70,180,180,677,1.854,True,9.67,3.76,374.15,201.857
5,70,240,240,666,1.823,True,9.51,2.77,361.84,198.443
5,70,300,300,653,1.788,True,9.33,2.18,354.11,198.066
5,70,360,360,647,1.771,True,9.24,1.8,349.3,197.187
5,70,450,450,626,1.714,True,8.94,1.39,343.52,200.434
5,70,540,540,582,1.593,True,8.31,1.08,337.88,212.043
5,70,720,720,628,1.719,True,8.97,0.87,337.38,196.224
5,70,99999,inf,435,1.191,True,6.21,0.0,318.64,267.55
5,80,120,120,681,1.864,True,8.51,5.67,393.64,211.125
5,80,180,180,667,1.826,True,8.34,3.71,369.48,202.327
5,80,240,240,652,1.785,True,8.15,2.72,357.05,200.019
5,80,300,300,632,1.73,True,7.9,2.11,348.98,201.685
5,80,360,360,626,1.714,True,7.83,1.74,344.34,200.912
5,80,450,450,614,1.681,True,7.67,1.36,339.4,201.898
5,80,540,540,569,1.558,True,7.11,1.05,333.98,214.388
5,80,720,720,619,1.695,True,7.74,0.86,333.53,196.804
5,80,99999,inf,427,1.169,True,5.34,0.0,316.01,270.313
5,90,120,120,662,1.812,True,7.36,5.52,388.27,214.221
5,90,180,180,650,1.78,True,7.22,3.61,365.0,205.102
5,90,240,240,641,1.755,True,7.12,2.67,353.42,201.381
5,90,300,300,626,1.714,True,6.96,2.09,345.91,201.825
5,90,360,360,618,1.692,True,6.87,1.72,341.2,201.656
5,90,450,450,597,1.634,True,6.63,1.33,335.82,205.458
5,90,540,540,560,1.533,True,6.22,1.04,331.11,215.961
5,90,720,720,608,1.665,True,6.76,0.84,330.4,198.485
5,90,99999,inf,417,1.142,True,4.63,0.0,313.9,274.945
5,100,120,120,650,1.78,True,6.5,5.42,384.5,216.059
5,100,180,180,642,1.758,True,6.42,3.57,362.06,205.985
5,100,240,240,635,1.739,True,6.35,2.65,350.8,201.779
5,100,300,300,614,1.681,True,6.14,2.05,342.98,204.028
5,100,360,360,602,1.648,True,6.02,1.67,338.13,205.151
5,100,450,450,574,1.572,True,5.74,1.28,332.53,211.595
5,100,540,540,551,1.509,True,5.51,1.02,328.77,217.94
5,100,720,720,599,1.64,True,5.99,0.83,327.95,199.975
5,100,99999,inf,412,1.128,True,4.12,0.0,312.36,276.916
5,120,120,120,620,1.697,True,5.17,5.17,377.5,222.39
5,120,180,180,609,1.667,True,5.08,3.38,355.83,213.407
5,120,240,240,604,1.654,True,5.03,2.52,345.3,208.809
5,120,300,300,587,1.607,True,4.89,1.96,338.16,210.411
5,120,360,360,574,1.572,True,4.78,1.59,333.48,212.203
5,120,450,450,551,1.509,True,4.59,1.22,328.47,217.737
5,120,540,540,529,1.448,True,4.41,0.98,324.98,224.384
5,120,720,720,561,1.536,True,4.67,0.78,323.38,210.54
5,120,99999,inf,399,1.092,True,3.33,0.0,309.98,283.755
6,30,120,120,99999,20.0,False,243.5,60.88,1761.0,88.05
6,30,180,180,99999,20.0,False,243.5,40.58,1517.5,75.875
6,30,240,240,99999,20.0,False,243.5,30.44,1395.75,69.787
6,30,300,300,99999,20.0,False,243.5,24.35,1322.7,66.135
6,30,360,360,99999,20.0,False,243.5,20.29,1274.0,63.7
6,30,450,450,99999,20.0,False,243.5,16.23,1225.3,61.265
6,30,540,540,99999,20.0,False,243.5,13.53,1192.83,59.642
6,30,720,720,99999,20.0,False,243.5,10.15,1152.25,57.612
6,30,99999,inf,99999,20.0,False,243.5,0.0,1030.5,51.525
6,40,120,120,99999,20.0,False,182.62,60.88,1578.38,78.919
6,40,180,180,99999,20.0,False,182.62,40.58,1334.88,66.744
6,40,240,240,99999,20.0,False,182.62,30.44,1213.12,60.656
6,40,300,300,99999,20.0,False,182.62,24.35,1140.08,57.004
6,40,360,360,99999,20.0,False,182.62,20.29,1091.38,54.569
6,40,450,450,99999,20.0,False,182.62,16.23,1042.67,52.134
6,40,540,540,99999,20.0,False,182.62,13.53,1010.21,50.51
6,40,720,720,99999,20.0,False,182.62,10.15,969.62,48.481
6,40,99999,inf,99999,20.0,False,182.62,0.0,847.88,42.394
6,50,120,120,99999,20.0,False,146.1,60.88,1468.8,73.44
6,50,180,180,99999,20.0,False,146.1,40.58,1225.3,61.265
6,50,240,240,99999,20.0,False,146.1,30.44,1103.55,55.177
6,50,300,300,99999,20.0,False,146.1,24.35,1030.5,51.525
6,50,360,360,99999,20.0,False,146.1,20.29,981.8,49.09
6,50,450,450,99999,20.0,False,146.1,16.23,933.1,46.655
6,50,540,540,99999,20.0,False,146.1,13.53,900.63,45.032
6,50,720,720,99999,20.0,False,146.1,10.15,860.05,43.002
6,50,99999,inf,99999,20.0,False,146.1,0.0,738.3,36.915
6,60,120,120,99999,20.0,False,121.75,60.88,1395.75,69.787
6,60,180,180,99999,20.0,False,121.75,40.58,1152.25,57.612
6,60,240,240,99999,20.0,False,121.75,30.44,1030.5,51.525
6,60,300,300,99999,20.0,False,121.75,24.35,957.45,47.873
6,60,360,360,99999,20.0,False,121.75,20.29,908.75,45.438
6,60,450,450,99999,20.0,False,121.75,16.23,860.05,43.002
6,60,540,540,99999,20.0,False,121.75,13.53,827.58,41.379
6,60,720,720,99999,20.0,False,121.75,10.15,787.0,39.35
6,60,99999,inf,99999,20.0,False,121.75,0.0,665.25,33.263
6,70,120,120,99999,20.0,False,104.36,60.88,1343.57,67.179
6,70,180,180,99999,20.0,False,104.36,40.58,1100.07,55.004
6,70,240,240,99999,20.0,False,104.36,30.44,978.32,48.916
6,70,300,300,99999,20.0,False,104.36,24.35,905.27,45.264
6,70,360,360,99999,20.0,False,104.36,20.29,856.57,42.829
6,70,450,450,99999,20.0,False,104.36,16.23,807.87,40.394
6,70,540,540,99999,20.0,False,104.36,13.53,775.4,38.77
6,70,720,720,99999,20.0,False,104.36,10.15,734.82,36.741
6,70,99999,inf,99999,20.0,False,104.36,0.0,613.07,30.654
6,80,120,120,99999,20.0,False,91.31,60.88,1304.44,65.222
6,80,180,180,99999,20.0,False,91.31,40.58,1060.94,53.047
6,80,240,240,99999,20.0,False,91.31,30.44,939.19,46.959
6,80,300,300,99999,20.0,False,91.31,24.35,866.14,43.307
6,80,360,360,99999,20.0,False,91.31,20.29,817.44,40.872
6,80,450,450,99999,20.0,False,91.31,16.23,768.74,38.437
6,80,540,540,99999,20.0,False,91.31,13.53,736.27,36.814
6,80,720,720,99999,20.0,False,91.31,10.15,695.69,34.784
6,80,99999,inf,99999,20.0,False,91.31,0.0,573.94,28.697
6,90,120,120,99999,20.0,False,81.17,60.88,1274.0,63.7
6,90,180,180,99999,20.0,False,81.17,40.58,1030.5,51.525
6,90,240,240,99999,20.0,False,81.17,30.44,908.75,45.438
6,90,300,300,99999,20.0,False,81.17,24.35,835.7,41.785
6,90,360,360,99999,20.0,False,81.17,20.29,787.0,39.35
6,90,450,450,99999,20.0,False,81.17,16.23,738.3,36.915
6,90,540,540,99999,20.0,False,81.17,13.53,705.83,35.292
6,90,720,720,99999,20.0,False,81.17,10.15,665.25,33.263
6,90,99999,inf,99999,20.0,False,81.17,0.0,543.5,27.175
6,100,120,120,99999,20.0,False,73.05,60.88,1249.65,62.483
6,100,180,180,99999,20.0,False,73.05,40.58,1006.15,50.307
6,100,240,240,99999,20.0,False,73.05,30.44,884.4,44.22
6,100,300,300,99999,20.0,False,73.05,24.35,811.35,40.568
6,100,360,360,99999,20.0,False,73.05,20.29,762.65,38.133
6,100,450,450,99999,20.0,False,73.05,16.23,713.95,35.698
6,100,540,540,99999,20.0,False,73.05,13.53,681.48,34.074
6,100,720,720,99999,20.0,False,73.05,10.15,640.9,32.045
6,100,99999,inf,99999,20.0,False,73.05,0.0,519.15,25.957
6,120,120,120,99999,20.0,False,60.88,60.88,1213.12,60.656
6,120,180,180,99999,20.0,False,60.88,40.58,969.62,48.481
6,120,240,240,99999,20.0,False,60.88,30.44,847.88,42.394
6,120,300,300,99999,20.0,False,60.88,24.35,774.83,38.741
6,120,360,360,99999,20.0,False,60.88,20.29,726.12,36.306
6,120,450,450,99999,20.0,False,60.88,16.23,677.42,33.871
6,120,540,540,99999,20.0,False,60.88,13.53,644.96,32.248
6,120,720,720,99999,20.0,False,60.88,10.15,604.38,30.219
6,120,99999,inf,99999,20.0,False,60.88,0.0,482.62,24.131
7,30,120,120,1408,3.855,True,46.93,11.73,581.6,150.873
7,30,180,180,1386,3.795,True,46.2,7.7,531.0,139.933
7,30,240,240,1371,3.754,True,45.7,5.71,505.65,134.711
7,30,300,300,1349,3.693,True,44.97,4.5,488.86,132.362
7,30,360,360,1322,3.619,True,44.07,3.67,476.27,131.586
7,30,450,450,1305,3.573,True,43.5,2.9,465.3,130.231
7,30,540,540,1250,3.422,True,41.67,2.31,452.78,132.302
7,30,720,720,1231,3.37,True,41.03,1.71,443.62,131.625
7,30,99999,inf,937,2.565,True,31.23,0.0,393.7,153.467
7,40,120,120,1380,3.778,True,34.5,11.5,541.5,143.321
7,40,180,180,1359,3.721,True,33.98,7.55,492.52,132.373
7,40,240,240,1350,3.696,True,33.75,5.62,468.75,126.823
7,40,300,300,1325,3.628,True,33.12,4.42,452.38,124.702
7,40,360,360,1294,3.543,True,32.35,3.59,440.18,124.248
7,40,450,450,1289,3.529,True,32.23,2.86,431.05,122.142
7,40,540,540,1209,3.31,True,30.23,2.24,417.54,126.143
7,40,720,720,1215,3.326,True,30.38,1.69,411.38,123.666
7,40,99999,inf,921,2.522,True,23.02,0.0,369.07,146.368
7,50,120,120,1353,3.704,True,27.06,11.28,516.48,139.427
7,50,180,180,1335,3.655,True,26.7,7.42,469.1,128.344
7,50,240,240,1317,3.606,True,26.34,5.49,444.87,123.378
7,50,300,300,1300,3.559,True,26.0,4.33,430.0,120.813
7,50,360,360,1266,3.466,True,25.32,3.52,418.16,120.642
7,50,450,450,1260,3.45,True,25.2,2.8,409.2,118.619
7,50,540,540,1164,3.187,True,23.28,2.16,395.71,124.168
7,50,720,720,1199,3.283,True,23.98,1.67,391.92,119.391
7,50,99999,inf,904,2.475,True,18.08,0.0,354.24,143.126
7,60,120,120,1329,3.639,True,22.15,11.07,499.35,137.237
7,60,180,180,1306,3.576,True,21.77,7.26,452.37,126.514
7,60,240,240,1287,3.524,True,21.45,5.36,428.7,121.665
7,60,300,300,1277,3.496,True,21.28,4.26,414.93,118.679
7,60,360,360,1242,3.4,True,20.7,3.45,403.5,118.662
7,60,450,450,1233,3.376,True,20.55,2.74,394.53,116.871
7,60,540,540,1129,3.091,True,18.82,2.09,381.54,123.434
7,60,720,720,1184,3.242,True,19.73,1.64,378.93,116.896
7,60,99999,inf,889,2.434,True,14.82,0.0,344.45,141.519
7,70,120,120,1300,3.559,True,18.57,10.83,485.71,136.467
7,70,180,180,1284,3.515,True,18.34,7.13,440.63,125.342
7,70,240,240,1247,3.414,True,17.81,5.2,415.79,121.787
7,70,300,300,1227,3.359,True,17.53,4.09,401.67,119.567
7,70,360,360,1219,3.337,True,17.41,3.39,392.88,117.718
7,70,450,450,1206,3.302,True,17.23,2.68,383.85,116.252
7,70,540,540,1094,2.995,True,15.63,2.03,371.2,123.93
7,70,720,720,1167,3.195,True,16.67,1.62,369.46,115.636
7,70,99999,inf,874,2.393,True,12.49,0.0,337.46,141.025
7,80,120,120,1266,3.466,True,15.82,10.55,474.08,136.774
7,80,180,180,1250,3.422,True,15.62,6.94,430.21,125.707
7,80,240,240,1232,3.373,True,15.4,5.13,407.8,120.9
7,80,300,300,1195,3.272,True,14.94,3.98,392.61,120.001
7,80,360,360,1182,3.236,True,14.78,3.28,383.72,118.575
7,80,450,450,1169,3.201,True,14.61,2.6,375.01,117.171
7,80,540,540,1081,2.96,True,13.51,2.0,364.56,123.178
7,80,720,720,1157,3.168,True,14.46,1.61,362.67,114.491
7,80,99999,inf,855,2.341,True,10.69,0.0,332.06,141.855
7,90,120,120,1253,3.431,True,13.92,10.44,467.07,136.15
7,90,180,180,1226,3.357,True,13.62,6.81,422.6,125.901
7,90,240,240,1198,3.28,True,13.31,4.99,399.83,121.902
7,90,300,300,1178,3.225,True,13.09,3.93,386.39,119.803
7,90,360,360,1168,3.198,True,12.98,3.24,377.87,118.164
7,90,450,450,1138,3.116,True,12.64,2.53,368.28,118.202
7,90,540,540,1066,2.919,True,11.84,1.97,359.22,123.082
7,90,720,720,1137,3.113,True,12.63,1.58,356.85,114.635
7,90,99999,inf,843,2.308,True,9.37,0.0,328.1,142.157
7,100,120,120,1235,3.381,True,12.35,10.29,460.55,136.207
7,100,180,180,1210,3.313,True,12.1,6.72,416.97,125.865
7,100,240,240,1165,3.19,True,11.65,4.85,393.2,123.276
7,100,300,300,1150,3.149,True,11.5,3.83,380.5,120.85
7,100,360,360,1143,3.129,True,11.43,3.17,372.39,118.999
7,100,450,450,1129,3.091,True,11.29,2.51,363.98,117.752
7,100,540,540,1048,2.869,True,10.48,1.94,354.73,123.63
7,100,720,720,1131,3.097,True,11.31,1.57,352.78,113.928
7,100,99999,inf,835,2.286,True,8.35,0.0,325.05,142.185
7,120,120,120,1176,3.22,True,9.8,9.8,447.0,138.832
7,120,180,180,1156,3.165,True,9.63,6.42,405.97,128.269
7,120,240,240,1134,3.105,True,9.45,4.72,385.05,124.021
7,120,300,300,1108,3.034,True,9.23,3.69,372.02,122.636
7,120,360,360,1088,2.979,True,9.07,3.02,363.47,122.019
7,120,450,450,1053,2.883,True,8.78,2.34,354.4,122.931
7,120,540,540,1018,2.787,True,8.48,1.89,348.07,124.885
7,120,720,720,1060,2.902,True,8.83,1.47,344.17,118.591
7,120,99999,inf,801,2.193,True,6.67,0.0,320.02,145.929
8,30,120,120,864,2.366,True,28.8,7.2,472.8,199.873
8,30,180,180,851,2.33,True,28.37,4.73,441.83,189.635
8,30,240,240,838,2.294,True,27.93,3.49,425.7,185.545
8,30,300,300,829,2.27,True,27.63,2.76,416.06,183.312
8,30,360,360,816,2.234,True,27.2,2.27,408.8,182.983
8,30,450,450,800,2.19,True,26.67,1.78,401.33,183.234
8,30,540,540,762,2.086,True,25.4,1.41,393.13,188.441
8,30,720,720,694,1.9,True,23.13,0.96,380.97,200.502
8,30,99999,inf,694,1.9,True,23.13,0.0,369.4,194.414
8,40,120,120,848,2.322,True,21.2,7.07,448.4,193.135
8,40,180,180,837,2.292,True,20.93,4.65,418.57,182.658
8,40,240,240,820,2.245,True,20.5,3.42,402.5,179.284
8,40,300,300,814,2.229,True,20.35,2.71,393.61,176.617
8,40,360,360,801,2.193,True,20.02,2.23,386.77,176.367
8,40,450,450,778,2.13,True,19.45,1.73,379.1,177.976
8,40,540,540,737,2.018,True,18.42,1.36,371.65,184.187
8,40,720,720,679,1.859,True,16.98,0.94,362.24,194.858
8,40,99999,inf,679,1.859,True,16.98,0.0,350.93,188.771
8,50,120,120,835,2.286,True,16.7,6.96,433.6,189.668
8,50,180,180,819,2.242,True,16.38,4.55,403.74,180.056
8,50,240,240,803,2.198,True,16.06,3.35,388.33,176.635
8,50,300,300,800,2.19,True,16.0,2.67,380.0,173.494
8,50,360,360,785,2.149,True,15.7,2.18,373.27,173.676
8,50,450,450,758,2.075,True,15.16,1.68,365.69,176.213
8,50,540,540,710,1.944,True,14.2,1.31,358.38,184.363
8,50,720,720,662,1.812,True,13.24,0.92,350.75,193.524
8,50,99999,inf,662,1.812,True,13.24,0.0,339.72,187.436
8,60,120,120,818,2.24,True,13.63,6.82,422.7,188.742
8,60,180,180,807,2.209,True,13.45,4.48,394.15,178.393
8,60,240,240,785,2.149,True,13.08,3.27,378.5,176.111
8,60,300,300,785,2.149,True,13.08,2.62,370.65,172.458
8,60,360,360,764,2.092,True,12.73,2.12,363.67,173.86
8,60,450,450,739,2.023,True,12.32,1.64,356.66,176.277
8,60,540,540,687,1.881,True,11.45,1.27,349.62,185.877
8,60,720,720,648,1.774,True,10.8,0.9,343.2,193.447
8,60,99999,inf,648,1.774,True,10.8,0.0,332.4,187.36
8,70,120,120,805,2.204,True,11.5,6.71,415.0,188.297
8,70,180,180,794,2.174,True,11.34,4.41,386.96,178.007
8,70,240,240,771,2.111,True,11.01,3.21,371.59,176.037
8,70,300,300,770,2.108,True,11.0,2.57,363.8,172.569
8,70,360,360,746,2.042,True,10.66,2.07,356.84,174.712
8,70,450,450,721,1.974,True,10.3,1.6,350.13,177.37
8,70,540,540,661,1.81,True,9.44,1.22,343.02,189.542
8,70,720,720,631,1.728,True,9.01,0.88,337.56,195.394
8,70,99999,inf,631,1.728,True,9.01,0.0,327.04,189.307
8,80,120,120,784,2.146,True,9.8,6.53,407.8,189.986
8,80,180,180,775,2.122,True,9.69,4.31,380.73,179.434
8,80,240,240,763,2.089,True,9.54,3.18,366.76,175.57
8,80,300,300,762,2.086,True,9.52,2.54,359.06,172.106
8,80,360,360,727,1.99,True,9.09,2.02,351.5,176.594
8,80,450,450,694,1.9,True,8.68,1.54,344.53,181.326
8,80,540,540,622,1.703,True,7.78,1.15,337.15,197.979
8,80,720,720,617,1.689,True,7.71,0.86,333.42,197.378
8,80,99999,inf,617,1.689,True,7.71,0.0,323.14,191.29
8,90,120,120,773,2.116,True,8.59,6.44,403.07,190.453
8,90,180,180,761,2.084,True,8.46,4.23,376.1,180.513
8,90,240,240,748,2.048,True,8.31,3.12,362.33,176.928
8,90,300,300,746,2.042,True,8.29,2.49,354.71,173.668
8,90,360,360,712,1.949,True,7.91,1.98,347.47,178.247
8,90,450,450,672,1.84,True,7.47,1.49,340.32,184.973
8,90,540,540,603,1.651,True,6.7,1.12,333.5,202.008
8,90,720,720,603,1.651,True,6.7,0.84,330.15,199.979
8,90,99999,inf,603,1.651,True,6.7,0.0,320.1,193.891
8,100,120,120,757,2.073,True,7.57,6.31,398.41,192.232
8,100,180,180,749,2.051,True,7.49,4.16,372.4,181.603
8,100,240,240,740,2.026,True,7.4,3.08,359.2,177.294
8,100,300,300,739,2.023,True,7.39,2.46,351.73,173.842
8,100,360,360,686,1.878,True,6.86,1.91,343.45,182.863
8,100,450,450,651,1.782,True,6.51,1.45,336.89,189.015
8,100,540,540,586,1.604,True,5.86,1.09,330.6,206.062
8,100,720,720,586,1.604,True,5.86,0.81,327.35,204.033
8,100,99999,inf,586,1.604,True,5.86,0.0,317.58,197.946
8,120,120,120,731,2.001,True,6.09,6.09,391.38,195.554
8,120,180,180,719,1.969,True,5.99,3.99,365.91,185.88
8,120,240,240,710,1.944,True,5.92,2.96,353.25,181.725
8,120,300,300,669,1.832,True,5.58,2.23,343.49,187.53
8,120,360,360,650,1.78,True,5.42,1.81,337.92,189.883
8,120,450,450,602,1.648,True,5.02,1.34,331.1,200.89
8,120,540,540,563,1.541,True,4.69,1.04,326.59,211.875
8,120,720,720,563,1.541,True,4.69,0.78,323.46,209.846
8,120,99999,inf,563,1.541,True,4.69,0.0,314.07,203.758
9,30,120,120,1233,3.376,True,41.1,10.28,546.6,161.919
9,30,180,180,1214,3.324,True,40.47,6.74,502.33,151.134
9,30,240,240,1195,3.272,True,39.83,4.98,479.25,146.482
9,30,300,300,1168,3.198,True,38.93,3.89,463.52,144.949
9,30,360,360,1149,3.146,True,38.3,3.19,453.2,144.066
9,30,450,450,1110,3.039,True,37.0,2.47,440.6,144.981
9,30,540,540,1076,2.946,True,35.87,1.99,431.51,146.477
9,30,720,720,1131,3.097,True,37.7,1.57,431.95,139.496
9,30,99999,inf,855,2.341,True,28.5,0.0,385.5,164.683
9,40,120,120,1207,3.305,True,30.18,10.06,511.22,154.702
9,40,180,180,1185,3.244,True,29.62,6.58,467.88,144.212
9,40,240,240,1173,3.211,True,29.32,4.89,446.62,139.071
9,40,300,300,1143,3.129,True,28.57,3.81,431.45,137.87
9,40,360,360,1122,3.072,True,28.05,3.12,421.55,137.229
9,40,450,450,1080,2.957,True,27.0,2.4,409.8,138.592
9,40,540,540,1060,2.902,True,26.5,1.96,403.06,138.883
9,40,720,720,1047,2.867,True,26.18,1.45,395.97,138.137
9,40,99999,inf,840,2.3,True,21.0,0.0,363.0,157.84
9,50,120,120,1178,3.225,True,23.56,9.82,488.48,151.458
9,50,180,180,1160,3.176,True,23.2,6.44,446.93,140.726
9,50,240,240,1153,3.157,True,23.06,4.8,426.83,135.212
9,50,300,300,1119,3.064,True,22.38,3.73,411.9,134.447
9,50,360,360,1097,3.003,True,21.94,3.05,402.39,133.976
9,50,450,450,1051,2.877,True,21.02,2.34,391.09,135.913
9,50,540,540,1046,2.864,True,20.92,1.94,386.0,134.788
9,50,720,720,964,2.639,True,19.28,1.34,373.91,141.67
9,50,99999,inf,822,2.251,True,16.44,0.0,349.32,155.218
9,60,120,120,1154,3.159,True,19.23,9.62,473.1,149.74
9,60,180,180,1132,3.099,True,18.87,6.29,432.07,139.41
9,60,240,240,1120,3.066,True,18.67,4.67,412.0,134.36
9,60,300,300,1096,3.001,True,18.27,3.65,398.64,132.85
9,60,360,360,1069,2.927,True,17.82,2.97,389.08,132.94
9,60,450,450,1016,2.782,True,16.93,2.26,377.89,135.852
9,60,540,540,1029,2.817,True,17.15,1.91,374.32,132.866
9,60,720,720,886,2.426,True,14.77,1.23,359.07,148.024
9,60,99999,inf,807,2.209,True,13.45,0.0,340.35,154.043
9,70,120,120,1127,3.086,True,16.1,9.39,461.0,149.406
9,70,180,180,1109,3.036,True,15.84,6.16,421.46,138.809
9,70,240,240,1077,2.949,True,15.39,4.49,400.01,135.657
9,70,300,300,1071,2.932,True,15.3,3.57,388.74,132.574
9,70,360,360,1044,2.858,True,14.91,2.9,379.54,132.785
9,70,450,450,984,2.694,True,14.06,2.19,368.41,136.75
9,70,540,540,1010,2.765,True,14.43,1.87,365.73,132.26
9,70,720,720,791,2.166,True,11.3,1.1,347.08,160.268
9,70,99999,inf,791,2.166,True,11.3,0.0,333.9,154.181
9,80,120,120,1109,3.036,True,13.86,9.24,452.49,149.027
9,80,180,180,1071,2.932,True,13.39,5.95,411.56,140.358
9,80,240,240,1053,2.883,True,13.16,4.39,392.14,136.019
9,80,300,300,1052,2.88,True,13.15,3.51,381.53,132.466
9,80,360,360,1018,2.787,True,12.73,2.83,372.11,133.509
9,80,450,450,965,2.642,True,12.06,2.14,361.92,136.986
9,80,540,540,992,2.716,True,12.4,1.84,359.24,132.272
9,80,720,720,778,2.13,True,9.73,1.08,342.14,160.626
9,80,99999,inf,778,2.13,True,9.73,0.0,329.18,154.539
9,90,120,120,1077,2.949,True,11.97,8.97,443.6,150.441
9,90,180,180,1056,2.891,True,11.73,5.87,405.6,140.289
9,90,240,240,1019,2.79,True,11.32,4.25,384.92,137.969
9,90,300,300,1017,2.784,True,11.3,3.39,374.58,134.528
9,90,360,360,990,2.71,True,11.0,2.75,366.0,135.032
9,90,450,450,948,2.595,True,10.53,2.11,356.88,137.5
9,90,540,540,983,2.691,True,10.92,1.82,354.61,131.762
9,90,720,720,764,2.092,True,8.49,1.06,338.2,161.685
9,90,99999,inf,764,2.092,True,8.49,0.0,325.47,155.598
9,100,120,120,1040,2.847,True,10.4,8.67,435.2,152.843
9,100,180,180,1023,2.801,True,10.23,5.68,398.89,142.419
9,100,240,240,1007,2.757,True,10.07,4.2,380.56,138.033
9,100,300,300,1001,2.741,True,10.01,3.34,370.07,135.033
9,100,360,360,966,2.645,True,9.66,2.68,361.18,136.564
9,100,450,450,926,2.535,True,9.26,2.06,352.47,139.029
9,100,540,540,935,2.56,True,9.35,1.73,348.83,136.267
9,100,720,720,740,2.026,True,7.4,1.03,334.53,165.119
9,100,99999,inf,740,2.026,True,7.4,0.0,322.2,159.032
9,120,120,120,1004,2.749,True,8.37,8.37,425.5,154.795
9,120,180,180,977,2.675,True,8.14,5.43,389.56,145.636
9,120,240,240,958,2.623,True,7.98,3.99,371.85,141.773
9,120,300,300,927,2.538,True,7.72,3.09,360.25,141.945
9,120,360,360,917,2.511,True,7.64,2.55,353.49,140.799
9,120,450,450,903,2.472,True,7.53,2.01,346.65,140.217
9,120,540,540,887,2.428,True,7.39,1.64,341.89,140.782
9,120,720,720,716,1.96,True,5.97,0.99,329.83,168.256
9,120,99999,inf,716,1.96,True,5.97,0.0,317.9,162.169
10,30,120,120,420,1.15,True,14.0,3.5,384.0,333.943
10,30,180,180,413,1.131,True,13.77,2.29,368.83,326.19
10,30,240,240,405,1.109,True,13.5,1.69,360.75,325.343
10,30,300,300,400,1.095,True,13.33,1.33,356.0,325.072
10,30,360,360,391,1.07,True,13.03,1.09,352.13,328.943
10,30,450,450,378,1.035,True,12.6,0.84,347.88,336.146
10,30,540,540,378,1.035,True,12.6,0.7,346.2,334.523
10,30,720,720,378,1.035,True,12.6,0.53,344.1,332.493
10,30,99999,inf,378,1.035,True,12.6,0.0,337.8,326.406
10,40,120,120,411,1.125,True,10.28,3.42,371.92,330.525
10,40,180,180,404,1.106,True,10.1,2.24,357.23,322.969
10,40,240,240,397,1.087,True,9.93,1.65,349.62,321.664
10,40,300,300,392,1.073,True,9.8,1.31,345.08,321.532
10,40,360,360,379,1.038,True,9.47,1.05,341.06,328.685
10,40,450,450,369,1.01,True,9.23,0.82,337.51,334.085
10,40,540,540,369,1.01,True,9.23,0.68,335.88,332.462
10,40,720,720,369,1.01,True,9.23,0.51,333.82,330.432
10,40,99999,inf,369,1.01,True,9.23,0.0,327.68,324.345
10,50,120,120,403,1.103,True,8.06,3.36,364.48,330.338
10,50,180,180,396,1.084,True,7.92,2.2,350.16,322.97
10,50,240,240,390,1.068,True,7.8,1.62,342.9,321.139
10,50,300,300,384,1.051,True,7.68,1.28,338.4,321.877
10,50,360,360,367,1.005,True,7.34,1.02,334.25,332.659
10,50,450,450,360,0.986,True,7.2,0.8,331.2,336.03
10,50,540,540,360,0.986,True,7.2,0.67,329.6,334.407
10,50,720,720,360,0.986,True,7.2,0.5,327.6,332.378
10,50,99999,inf,360,0.986,True,7.2,0.0,321.6,326.29
10,60,120,120,396,1.084,True,6.6,3.3,359.4,331.492
10,60,180,180,390,1.068,True,6.5,2.17,345.5,323.574
10,60,240,240,381,1.043,True,6.35,1.59,338.1,324.123
10,60,300,300,373,1.021,True,6.22,1.24,333.57,326.639
10,60,360,360,358,0.98,True,5.97,0.99,329.83,336.513
10,60,450,450,354,0.969,True,5.9,0.79,327.14,337.536
10,60,540,540,354,0.969,True,5.9,0.66,325.57,335.913
10,60,720,720,354,0.969,True,5.9,0.49,323.6,333.884
10,60,99999,inf,354,0.969,True,5.9,0.0,317.7,327.796
10,70,120,120,390,1.068,True,5.57,3.25,355.71,333.14
10,70,180,180,380,1.04,True,5.43,2.11,341.62,328.359
10,70,240,240,373,1.021,True,5.33,1.55,334.64,327.683
10,70,300,300,365,0.999,True,5.21,1.22,330.24,330.469
10,70,360,360,349,0.956,True,4.99,0.97,326.59,341.797
10,70,450,450,346,0.947,True,4.94,0.77,324.06,342.084
10,70,540,540,346,0.947,True,4.94,0.64,322.52,340.461
10,70,720,720,346,0.947,True,4.94,0.48,320.6,338.432
10,70,99999,inf,346,0.947,True,4.94,0.0,314.83,332.344
10,80,120,120,377,1.032,True,4.71,3.14,351.84,340.872
10,80,180,180,369,1.01,True,4.61,2.05,338.44,334.998
10,80,240,240,364,0.997,True,4.55,1.52,331.85,332.99
10,80,300,300,357,0.977,True,4.46,1.19,327.67,335.24
10,80,360,360,343,0.939,True,4.29,0.95,324.3,345.333
10,80,450,450,342,0.936,True,4.28,0.76,321.94,343.832
10,80,540,540,342,0.936,True,4.28,0.63,320.43,342.208
10,80,720,720,342,0.936,True,4.28,0.47,318.52,340.179
10,80,99999,inf,342,0.936,True,4.28,0.0,312.82,334.092
10,90,120,120,372,1.018,True,4.13,3.1,349.6,343.256
10,90,180,180,362,0.991,True,4.02,2.01,336.2,339.218
10,90,240,240,357,0.977,True,3.97,1.49,329.75,337.37
10,90,300,300,348,0.953,True,3.87,1.16,325.52,341.656
10,90,360,360,331,0.906,True,3.68,0.92,322.07,355.392
10,90,450,450,331,0.906,True,3.68,0.74,319.86,352.957
10,90,540,540,331,0.906,True,3.68,0.61,318.39,351.334
10,90,720,720,331,0.906,True,3.68,0.46,316.55,349.305
10,90,99999,inf,331,0.906,True,3.68,0.0,311.03,343.217
10,100,120,120,359,0.983,True,3.59,2.99,346.67,352.705
10,100,180,180,352,0.964,True,3.52,1.96,334.03,346.6
10,100,240,240,349,0.956,True,3.49,1.45,327.92,343.188
10,100,300,300,342,0.936,True,3.42,1.14,323.94,345.962
10,100,360,360,329,0.901,True,3.29,0.91,320.84,356.187
10,100,450,450,329,0.901,True,3.29,0.73,318.64,353.752
10,100,540,540,329,0.901,True,3.29,0.61,317.18,352.129
10,100,720,720,329,0.901,True,3.29,0.46,315.35,350.1
10,100,99999,inf,329,0.901,True,3.29,0.0,309.87,344.012
10,120,120,120,351,0.961,True,2.92,2.92,343.88,357.836
10,120,180,180,341,0.934,True,2.84,1.89,331.26,354.816
10,120,240,240,337,0.923,True,2.81,1.4,325.28,352.542
10,120,300,300,326,0.893,True,2.72,1.09,321.19,359.861
10,120,360,360,315,0.862,True,2.62,0.88,318.38,369.163
10,120,450,450,315,0.862,True,2.62,0.7,316.27,366.728
10,120,540,540,315,0.862,True,2.62,0.58,314.88,365.105
10,120,720,720,315,0.862,True,2.62,0.44,313.12,363.076
10,120,99999,inf,315,0.862,True,2.62,0.0,307.88,356.988
